API Source,Category,Data Type,Endpoint,Description,Parameters,Free Tier,Data Fields,Frequency,Use Cases
SEC EDGAR,Regulatory Filings,Company Filings,/api/sec-edgar/filings,"Official SEC filings (10-K, 10-Q, 8-K, etc.)","ticker, formType, limit",Yes,"accessionNumber, filingDate, reportDate, acceptanceDateTime, act, fileNumber, filmNumber, items, size, isXBRL, isInlineXBRL, primaryDocument, primaryDocDescription",Real-time,"Fundamental analysis, regulatory compliance, insider information"
SEC EDGAR,Regulatory Filings,Company Search,/api/sec-edgar/search,Search companies by ticker or name,"query, limit",Yes,"cik, entityType, sic, sicDescription, insiderTransactionForOwnerExists, insiderTransactionForIssuerExists, name, tickers, exchanges, ein, description, website, investorWebsite, category, fiscalYearEnd, stateOfIncorporation, stateOfIncorporationDescription, addresses, phone, flags",Real-time,"Company discovery, CIK lookup, basic company info"
SEC EDGAR,Regulatory Filings,Company Facts,/api/sec-edgar/company-facts,Structured financial data from XBRL filings,ticker,Yes,"entityName, cik, facts (Assets, Liabilities, Equity, Revenue, etc. with units and historical values)",Quarterly/Annual,"Financial statement analysis, time series data, fundamental metrics"
Finnhub,Market Data,Stock Quote,/api/finnhub/quote,Real-time stock price and trading data,symbol,Yes (250 calls/day),"c (current price), d (change), dp (percent change), h (high), l (low), o (open), pc (previous close), t (timestamp)",Real-time,"Price monitoring, trading signals, market snapshots"
Finnhub,Company Data,Company Profile,/api/finnhub/company-profile,Detailed company information and metadata,symbol,Yes (250 calls/day),"ticker, name, exchange, finnhubIndustry, marketCapitalization, shareOutstanding, country, currency, ipo, phone, weburl, logo",Static/Updated,"Company research, industry classification, market cap tracking"
Finnhub,Fundamentals,Company Fundamentals,/api/finnhub/fundamentals,"Financial metrics and KPIs (P/E, EPS, etc.)","symbol, metric",Yes (250 calls/day),"metric (all), series (quarterly/annual data including revenue, earnings, margins, ratios)",Quarterly/Annual,"Valuation analysis, financial health assessment, screening"
Finnhub,News & Sentiment,Company News,/api/finnhub/news,Recent news articles for a specific company,"symbol, from, to",Yes (250 calls/day),"category, datetime, headline, id, image, related, source, summary, url",Real-time,"Sentiment analysis, event detection, news-driven trading"
Finnhub,Earnings,Earnings Data,/api/finnhub/earnings,Historical earnings results and surprises,"symbol, limit",Yes (250 calls/day),"actual, estimate, period, quarter, surprise, surprisePercent, symbol, year",Quarterly,"Earnings season tracking, surprise analysis, forecast accuracy"
Finnhub,Earnings,Earnings Calendar,/api/finnhub/earnings-calendar,Upcoming and past earnings announcements,"from, to, symbol, international",Yes (250 calls/day),"date, epsActual, epsEstimate, hour, quarter, revenueActual, revenueEstimate, symbol, year",Daily,"Earnings season planning, event calendar, multi-stock tracking"
Finnhub,Analyst Data,Recommendations,/api/finnhub/recommendations,Analyst buy/sell/hold recommendations,symbol,Yes (250 calls/day),"buy, hold, period, sell, strongBuy, strongSell, symbol",Monthly,"Consensus analysis, rating trends, analyst sentiment"
Finnhub,Sentiment,News Sentiment,/api/finnhub/sentiment,Aggregated sentiment scores from news,symbol,Yes (250 calls/day),"buzz (articlesInLastWeek, buzz, weeklyAverage), companyNewsScore, sectorAverageBullishPercent, sectorAverageNewsScore, sentiment, symbol",Weekly,"Market sentiment, contrarian signals, news impact"
Yahoo Finance,Market Data,Stock Quote,/api/yfinance/quote,Real-time stock quotes and basic metrics,symbol,Yes (Unlimited),"symbol, shortName, regularMarketPrice, regularMarketChange, regularMarketChangePercent, regularMarketVolume, regularMarketPreviousClose, regularMarketOpen, regularMarketDayRange, fiftyTwoWeekRange, marketCap",Real-time,"Quick price checks, portfolio tracking, market overview"
Yahoo Finance,Historical Data,Historical Prices,/api/yfinance/history,Historical OHLCV price data,"symbol, period, interval",Yes (Unlimited),"date, open, high, low, close, volume, adjClose",Daily/Intraday,"Backtesting, technical analysis, time series modeling"
Yahoo Finance,Discovery,Symbol Search,/api/yfinance/search,Search for stock symbols by name or ticker,query,Yes (Unlimited),"symbol, name, exch, type, exchDisp, typeDisp",Real-time,"Symbol lookup, ticker discovery, company search"
TrendRadar,News Aggregation,Trending News,/api/trendradar/trending,Hot trending news from 11+ Chinese platforms,N/A,Yes (Unlimited),"title, summary, url, source, timestamp, trendScore, platforms",Real-time,"Trend detection, social sentiment, alternative data"
TrendRadar,News Aggregation,Platform-Specific News,/api/trendradar/platform,News from specific Chinese news platforms,platform,Yes (Unlimited),"title, content, url, publishTime, source, viewCount, commentCount",Real-time,"Source-specific analysis, cross-platform correlation"
Alpha Vantage,Core Stock APIs,Time Series Intraday,/api/alphavantage/time-series-intraday,Intraday time series data at specified intervals,"symbol, interval, adjusted, extended_hours, month, outputsize",Yes (25 calls/day),"timestamp, open, high, low, close, volume",1min/5min/15min/30min/60min,"Intraday trading, algorithmic strategies, market microstructure analysis"
Alpha Vantage,Core Stock APIs,Time Series Daily,/api/alphavantage/time-series-daily,Daily time series prices (up to 20+ years),"symbol, outputsize",Yes (25 calls/day),"date, open, high, low, close, volume",Daily,"Long-term backtesting, daily strategies, historical analysis"
Alpha Vantage,Core Stock APIs,Time Series Daily Adjusted,/api/alphavantage/time-series-daily-adjusted,Daily prices with dividend and split adjustments,"symbol, outputsize",Yes (25 calls/day),"date, open, high, low, close, adjusted_close, volume, dividend_amount, split_coefficient",Daily,"Accurate return calculations, portfolio backtesting, dividend-adjusted analysis"
Alpha Vantage,Core Stock APIs,Time Series Weekly,/api/alphavantage/time-series-weekly,Weekly aggregated time series data,symbol,Yes (25 calls/day),"date, open, high, low, close, volume",Weekly,"Weekly trend analysis, swing trading, medium-term strategies"
Alpha Vantage,Core Stock APIs,Time Series Weekly Adjusted,/api/alphavantage/time-series-weekly-adjusted,Weekly prices with dividend and split adjustments,symbol,Yes (25 calls/day),"date, open, high, low, close, adjusted_close, volume, dividend_amount",Weekly,"Weekly return analysis, medium-term backtesting, adjusted performance"
Alpha Vantage,Core Stock APIs,Time Series Monthly,/api/alphavantage/time-series-monthly,Monthly aggregated time series data,symbol,Yes (25 calls/day),"date, open, high, low, close, volume",Monthly,"Long-term trends, macro analysis, portfolio rebalancing"
Alpha Vantage,Core Stock APIs,Time Series Monthly Adjusted,/api/alphavantage/time-series-monthly-adjusted,Monthly prices with dividend and split adjustments,symbol,Yes (25 calls/day),"date, open, high, low, close, adjusted_close, volume, dividend_amount",Monthly,"Long-term performance, retirement portfolio analysis, multi-year returns"
Alpha Vantage,Core Stock APIs,Global Quote,/api/alphavantage/global-quote,Latest price and volume for any stock symbol,symbol,Yes (25 calls/day),"symbol, open, high, low, price, volume, latest_trading_day, previous_close, change, change_percent",Real-time,"Quick price checks, portfolio snapshots, real-time monitoring"
Alpha Vantage,Core Stock APIs,Realtime Bulk Quotes,/api/alphavantage/realtime-bulk-quotes,Real-time quotes for multiple symbols in one call,symbols,Yes (25 calls/day),"symbol, price, volume, timestamp, previous_close, change, change_percent",Real-time,"Multi-stock monitoring, portfolio tracking, market overview dashboard"
Alpha Vantage,Core Stock APIs,Symbol Search,/api/alphavantage/symbol-search,Search for stock symbols and company names,keywords,Yes (25 calls/day),"symbol, name, type, region, marketOpen, marketClose, timezone, currency, matchScore",Real-time,"Symbol lookup, company discovery, ticker validation"
Alpha Vantage,Core Stock APIs,Market Status,/api/alphavantage/market-status,Current market status for global exchanges,N/A,Yes (25 calls/day),"markets (market_type, region, primary_exchanges, local_open, local_close, current_status, notes)",Real-time,"Trading hours validation, global market monitoring, exchange status"
Alpha Vantage,Alpha Intelligence,News Sentiment,/api/alphavantage/news-sentiment,News articles with AI-powered sentiment scores,"tickers, topics, time_from, time_to, sort, limit",Yes (25 calls/day),"feed (title, url, time_published, authors, summary, source, category_within_source, overall_sentiment_score, overall_sentiment_label, ticker_sentiment)",Real-time,"News-driven trading, sentiment analysis, event detection, market mood"
Alpha Vantage,Alpha Intelligence,Top Gainers Losers,/api/alphavantage/top-gainers-losers,Daily top gainers and losers in US markets,N/A,Yes (25 calls/day),"top_gainers, top_losers, most_actively_traded (ticker, price, change_amount, change_percentage, volume)",Daily,"Market movers screening, momentum strategies, daily performance tracking"
Alpha Vantage,Alpha Intelligence,Insider Transactions,/api/alphavantage/insider-transactions,SEC Form 4 insider trading activity,symbol,Yes (25 calls/day),"data (acquisition_or_disposition, security_name, transaction_date, filing_date, transaction_shares, transaction_price_per_share, transaction_value, shares_owned_following_transaction, filing_url, officer_name)",Real-time,"Insider sentiment tracking, management confidence signals, regulatory monitoring"
Alpha Vantage,Alpha Intelligence,Analytics Fixed Window,/api/alphavantage/analytics-fixed-window,Analytics for fixed time windows with RSI and price changes,"symbol, range, interval, ohlc, window_size",Yes (25 calls/day),"timestamp, close_price, RSI, change_amount, change_percentage",Calculated,"Fixed-period analysis, comparative performance, time-boxed strategies"
Alpha Vantage,Alpha Intelligence,Analytics Sliding Window,/api/alphavantage/analytics-sliding-window,Rolling window analytics with RSI and momentum,"symbol, range, interval, ohlc, window_size",Yes (25 calls/day),"timestamp, close_price, RSI, change_amount, change_percentage",Calculated,"Rolling analysis, dynamic windows, adaptive strategies"
Alpha Vantage,Alpha Intelligence,Earnings Call Transcript,/api/alphavantage/earnings-call-transcript,Full text transcripts of earnings calls,"symbol, year, quarter",Yes (25 calls/day),"symbol, quarter, year, transcript",Quarterly,"Qualitative analysis, management tone, forward guidance extraction"
Alpha Vantage,Alpha Intelligence,Listing Status,/api/alphavantage/listing-status,Active and delisted securities status,"date, state",Yes (25 calls/day),"symbol, name, exchange, assetType, ipoDate, delistingDate, status",Daily,"Universe construction, delisting detection, historical symbol validation"
Alpha Vantage,Fundamental Data,Company Overview,/api/alphavantage/overview,Comprehensive company profile and financials,symbol,Yes (25 calls/day),"Symbol, Name, Description, CIK, Exchange, Currency, Country, Sector, Industry, Address, FiscalYearEnd, LatestQuarter, MarketCapitalization, EBITDA, PERatio, PEGRatio, BookValue, DividendPerShare, DividendYield, EPS, RevenuePerShareTTM, ProfitMargin, OperatingMarginTTM, ReturnOnAssetsTTM, ReturnOnEquityTTM, RevenueTTM, GrossProfitTTM, DilutedEPSTTM, QuarterlyEarningsGrowthYOY, QuarterlyRevenueGrowthYOY, AnalystTargetPrice, AnalystRatingStrongBuy, AnalystRatingBuy, AnalystRatingHold, AnalystRatingSell, AnalystRatingStrongSell, TrailingPE, ForwardPE, PriceToSalesRatioTTM, PriceToBookRatio, EVToRevenue, EVToEBITDA, Beta, 52WeekHigh, 52WeekLow, 50DayMovingAverage, 200DayMovingAverage, SharesOutstanding, DividendDate, ExDividendDate",Static/Quarterly,"Company research, fundamental screening, valuation analysis, industry comparison"
Alpha Vantage,Fundamental Data,ETF Profile,/api/alphavantage/etf-profile,ETF holdings and profile information,symbol,Yes (25 calls/day),"symbol, name, assetClass, totalAssets, averageVolume, expenseRatio, dividendYielding, inceptionDate, trackingIndex, holdings",Static/Quarterly,"ETF research, fund selection, holdings analysis, exposure mapping"
Alpha Vantage,Fundamental Data,Dividends,/api/alphavantage/dividends,Historical dividend payment data,symbol,Yes (25 calls/day),"data (ex_dividend_date, payment_date, record_date, declared_date, amount, adjusted_amount, currency)",Historical,"Dividend history, yield calculations, payout consistency, income investing"
Alpha Vantage,Fundamental Data,Splits,/api/alphavantage/splits,Historical stock split data,symbol,Yes (25 calls/day),"data (effective_date, split_factor, split_from, split_to)",Historical,"Corporate actions, price adjustment, share structure analysis"
Alpha Vantage,Fundamental Data,Income Statement,/api/alphavantage/income-statement,Quarterly and annual income statements,symbol,Yes (25 calls/day),"fiscalDateEnding, reportedCurrency, grossProfit, totalRevenue, costOfRevenue, costofGoodsAndServicesSold, operatingIncome, sellingGeneralAndAdministrative, researchAndDevelopment, operatingExpenses, investmentIncomeNet, netInterestIncome, interestIncome, interestExpense, nonInterestIncome, otherNonOperatingIncome, depreciation, depreciationAndAmortization, incomeBeforeTax, incomeTaxExpense, interestAndDebtExpense, netIncomeFromContinuingOperations, comprehensiveIncomeNetOfTax, ebit, ebitda, netIncome",Quarterly/Annual,"Profitability analysis, revenue trends, expense management, earnings quality"
Alpha Vantage,Fundamental Data,Balance Sheet,/api/alphavantage/balance-sheet,Quarterly and annual balance sheets,symbol,Yes (25 calls/day),"fiscalDateEnding, reportedCurrency, totalAssets, totalCurrentAssets, cashAndCashEquivalentsAtCarryingValue, cashAndShortTermInvestments, inventory, currentNetReceivables, totalNonCurrentAssets, propertyPlantEquipment, accumulatedDepreciationAmortizationPPE, intangibleAssets, intangibleAssetsExcludingGoodwill, goodwill, investments, longTermInvestments, shortTermInvestments, otherCurrentAssets, otherNonCurrentAssets, totalLiabilities, totalCurrentLiabilities, currentAccountsPayable, deferredRevenue, currentDebt, shortTermDebt, totalNonCurrentLiabilities, capitalLeaseObligations, longTermDebt, currentLongTermDebt, longTermDebtNoncurrent, shortLongTermDebtTotal, otherCurrentLiabilities, otherNonCurrentLiabilities, totalShareholderEquity, treasuryStock, retainedEarnings, commonStock, commonStockSharesOutstanding",Quarterly/Annual,"Financial health, leverage analysis, working capital, asset quality, solvency"
Alpha Vantage,Fundamental Data,Cash Flow,/api/alphavantage/cash-flow,Quarterly and annual cash flow statements,symbol,Yes (25 calls/day),"fiscalDateEnding, reportedCurrency, operatingCashflow, paymentsForOperatingActivities, proceedsFromOperatingActivities, changeInOperatingLiabilities, changeInOperatingAssets, depreciationDepletionAndAmortization, capitalExpenditures, changeInReceivables, changeInInventory, profitLoss, cashflowFromInvestment, cashflowFromFinancing, proceedsFromRepaymentsOfShortTermDebt, paymentsForRepurchaseOfCommonStock, paymentsForRepurchaseOfEquity, paymentsForRepurchaseOfPreferredStock, dividendPayout, dividendPayoutCommonStock, dividendPayoutPreferredStock, proceedsFromIssuanceOfCommonStock, proceedsFromIssuanceOfLongTermDebtAndCapitalSecuritiesNet, proceedsFromIssuanceOfPreferredStock, proceedsFromRepurchaseOfEquity, proceedsFromSaleOfTreasuryStock, changeInCashAndCashEquivalents, changeInExchangeRate, netIncome",Quarterly/Annual,"Cash generation analysis, capex trends, free cash flow, dividend sustainability"
Alpha Vantage,Fundamental Data,Shares Outstanding,/api/alphavantage/shares-outstanding,Historical shares outstanding data,symbol,Yes (25 calls/day),"date, shares_outstanding",Quarterly,"Share dilution tracking, float analysis, buyback monitoring, EPS calculations"
Alpha Vantage,Fundamental Data,Earnings,/api/alphavantage/earnings,Quarterly and annual earnings history,symbol,Yes (25 calls/day),"quarterlyEarnings (fiscalDateEnding, reportedDate, reportedEPS, estimatedEPS, surprise, surprisePercentage), annualEarnings (fiscalDateEnding, reportedEPS)",Quarterly,"Earnings tracking, surprise analysis, estimate accuracy, earnings momentum"
Alpha Vantage,Fundamental Data,Earnings Estimates,/api/alphavantage/earnings-estimates,Analyst earnings estimates,symbol,Yes (25 calls/day),"symbol, numberOfAnalysts, numberOfEstimates, period, growth, earningsEstimateAvg, earningsEstimateLow, earningsEstimateHigh, earningsEstimateYearAgoEps, earningsEstimateNumberOfAnalysts, earningsEstimateGrowth, revenueEstimateAvg, revenueEstimateLow, revenueEstimateHigh, revenueEstimateYearAgoEps, revenueEstimateNumberOfAnalysts, revenueEstimateGrowth, epsTrendCurrent, epsTrend7daysAgo, epsTrend30daysAgo, epsTrend60daysAgo, epsTrend90daysAgo, epsRevisionsUpLast7days, epsRevisionsUpLast30days, epsRevisionsDownLast7days, epsRevisionsDownLast30days",Quarterly,"Consensus tracking, estimate revisions, analyst sentiment, forward guidance"
Alpha Vantage,Fundamental Data,Earnings Calendar,/api/alphavantage/earnings-calendar,Upcoming earnings release dates,"horizon, symbol",Yes (25 calls/day),"symbol, name, reportDate, fiscalDateEnding, estimate, currency",Daily,"Earnings season planning, event calendar, portfolio alerts, volatility preparation"
Alpha Vantage,Fundamental Data,IPO Calendar,/api/alphavantage/ipo-calendar,Upcoming and recent IPO listings,N/A,Yes (25 calls/day),"symbol, name, ipoDate, priceRangeLow, priceRangeHigh, currency, exchange",Daily,"New listings tracking, IPO investing, primary market opportunities"
Alpha Vantage,Options Data,Realtime Options,/api/alphavantage/realtime-options,Real-time options chain data,"symbol, contract, date",Yes (25 calls/day),"contractID, symbol, expiration, strike, type, last, mark, bid, bid_size, ask, ask_size, volume, open_interest, date, implied_volatility, delta, gamma, theta, vega, rho",Real-time,"Options trading, volatility analysis, Greeks tracking, options strategies"
Alpha Vantage,Options Data,Historical Options,/api/alphavantage/historical-options,Historical end-of-day options data,"symbol, date",Yes (25 calls/day),"contractID, symbol, expiration, strike, type, last, mark, bid, ask, volume, open_interest, date, implied_volatility, delta, gamma, theta, vega",Daily,"Options backtesting, implied volatility history, options strategy analysis"
Alpha Vantage,Forex,FX Intraday,/api/alphavantage/fx-intraday,Intraday forex time series,"from_symbol, to_symbol, interval, outputsize",Yes (25 calls/day),"timestamp, open, high, low, close",1min/5min/15min/30min/60min,"Forex trading, currency hedging, intraday FX strategies"
Alpha Vantage,Forex,FX Daily,/api/alphavantage/fx-daily,Daily forex exchange rates,"from_symbol, to_symbol, outputsize",Yes (25 calls/day),"date, open, high, low, close",Daily,"Currency analysis, long-term FX trends, hedging strategies"
Alpha Vantage,Forex,FX Weekly,/api/alphavantage/fx-weekly,Weekly forex exchange rates,"from_symbol, to_symbol",Yes (25 calls/day),"date, open, high, low, close",Weekly,"Weekly FX trends, medium-term currency analysis"
Alpha Vantage,Forex,FX Monthly,/api/alphavantage/fx-monthly,Monthly forex exchange rates,"from_symbol, to_symbol",Yes (25 calls/day),"date, open, high, low, close",Monthly,"Long-term currency trends, macro FX analysis, portfolio hedging"
Alpha Vantage,Forex,Currency Exchange Rate,/api/alphavantage/currency-exchange-rate,Real-time currency exchange rates,"from_currency, to_currency",Yes (25 calls/day),"from_currency_code, from_currency_name, to_currency_code, to_currency_name, exchange_rate, last_refreshed, time_zone, bid_price, ask_price",Real-time,"Spot FX rates, currency conversion, international transactions"
Alpha Vantage,Digital & Crypto,Crypto Intraday,/api/alphavantage/crypto-intraday,Intraday cryptocurrency time series,"symbol, market, interval",Yes (25 calls/day),"timestamp, open, high, low, close, volume",1min/5min/15min/30min/60min,"Crypto trading, intraday strategies, digital asset monitoring"
Alpha Vantage,Digital & Crypto,Digital Currency Daily,/api/alphavantage/digital-currency-daily,Daily cryptocurrency OHLCV data,"symbol, market",Yes (25 calls/day),"date, open, high, low, close, volume, market_cap",Daily,"Crypto analysis, daily strategies, digital asset tracking"
Alpha Vantage,Digital & Crypto,Digital Currency Weekly,/api/alphavantage/digital-currency-weekly,Weekly cryptocurrency data,"symbol, market",Yes (25 calls/day),"date, open, high, low, close, volume",Weekly,"Weekly crypto trends, medium-term digital asset analysis"
Alpha Vantage,Digital & Crypto,Digital Currency Monthly,/api/alphavantage/digital-currency-monthly,Monthly cryptocurrency data,"symbol, market",Yes (25 calls/day),"date, open, high, low, close, volume",Monthly,"Long-term crypto trends, macro digital asset analysis"
Alpha Vantage,Commodities,WTI Crude Oil,/api/alphavantage/wti,WTI crude oil spot prices,interval,Yes (25 calls/day),"date, value",Daily/Weekly/Monthly,"Energy sector analysis, inflation indicators, oil trading"
Alpha Vantage,Commodities,Brent Crude Oil,/api/alphavantage/brent,Brent crude oil spot prices,interval,Yes (25 calls/day),"date, value",Daily/Weekly/Monthly,"Global oil markets, energy trading, commodity analysis"
Alpha Vantage,Commodities,Natural Gas,/api/alphavantage/natural-gas,Natural gas spot prices (Henry Hub),interval,Yes (25 calls/day),"date, value",Daily/Weekly/Monthly,"Energy markets, utility sector, seasonal trading"
Alpha Vantage,Commodities,Copper,/api/alphavantage/copper,Copper spot prices,interval,Yes (25 calls/day),"date, value",Monthly,"Economic indicator, industrial metals, China proxy"
Alpha Vantage,Commodities,Aluminum,/api/alphavantage/aluminum,Aluminum spot prices,interval,Yes (25 calls/day),"date, value",Monthly,"Industrial metals, manufacturing sector, commodity trading"
Alpha Vantage,Commodities,Wheat,/api/alphavantage/wheat,Wheat commodity prices,interval,Yes (25 calls/day),"date, value",Monthly,"Agriculture sector, food prices, commodity futures"
Alpha Vantage,Commodities,Corn,/api/alphavantage/corn,Corn commodity prices,interval,Yes (25 calls/day),"date, value",Monthly,"Agriculture trading, biofuel markets, food commodities"
Alpha Vantage,Commodities,Cotton,/api/alphavantage/cotton,Cotton commodity prices,interval,Yes (25 calls/day),"date, value",Monthly,"Textile sector, soft commodities, agriculture trading"
Alpha Vantage,Commodities,Sugar,/api/alphavantage/sugar,Sugar commodity prices,interval,Yes (25 calls/day),"date, value",Monthly,"Soft commodities, food sector, commodity futures"
Alpha Vantage,Commodities,Coffee,/api/alphavantage/coffee,Coffee commodity prices,interval,Yes (25 calls/day),"date, value",Monthly,"Soft commodities, beverage sector, agriculture trading"
Alpha Vantage,Commodities,All Commodities,/api/alphavantage/all-commodities,All commodities index,interval,Yes (25 calls/day),"date, value",Monthly,"Broad commodity exposure, inflation tracking, diversification"
Alpha Vantage,Economic Indicators,Real GDP,/api/alphavantage/real-gdp,US real GDP data,interval,Yes (25 calls/day),"date, value",Quarterly/Annual,"Economic growth, macro analysis, recession indicators"
Alpha Vantage,Economic Indicators,Real GDP Per Capita,/api/alphavantage/real-gdp-per-capita,US real GDP per capita,interval,Yes (25 calls/day),"date, value",Quarterly/Annual,"Standard of living, economic productivity, long-term trends"
Alpha Vantage,Economic Indicators,Treasury Yield,/api/alphavantage/treasury-yield,US Treasury yield curve data,"interval, maturity",Yes (25 calls/day),"date, value",Daily/Weekly/Monthly,"Interest rates, yield curve analysis, fixed income strategies"
Alpha Vantage,Economic Indicators,Federal Funds Rate,/api/alphavantage/federal-funds-rate,Effective federal funds rate,interval,Yes (25 calls/day),"date, value",Daily/Weekly/Monthly,"Monetary policy, interest rate trends, central bank analysis"
Alpha Vantage,Economic Indicators,CPI,/api/alphavantage/cpi,Consumer Price Index data,interval,Yes (25 calls/day),"date, value",Monthly/Semiannual,"Inflation tracking, purchasing power, real returns"
Alpha Vantage,Economic Indicators,Inflation,/api/alphavantage/inflation,US inflation rate,interval,Yes (25 calls/day),"date, value",Annual,"Inflation trends, monetary policy, real asset values"
Alpha Vantage,Economic Indicators,Retail Sales,/api/alphavantage/retail-sales,US retail and food services sales,interval,Yes (25 calls/day),"date, value",Monthly,"Consumer spending, economic health, retail sector"
Alpha Vantage,Economic Indicators,Durables,/api/alphavantage/durables,Durable goods orders,interval,Yes (25 calls/day),"date, value",Monthly,"Manufacturing sector, business investment, economic activity"
Alpha Vantage,Economic Indicators,Unemployment,/api/alphavantage/unemployment,US unemployment rate,interval,Yes (25 calls/day),"date, value",Monthly,"Labor market, economic health, recession signals"
Alpha Vantage,Economic Indicators,Nonfarm Payroll,/api/alphavantage/nonfarm-payroll,US nonfarm payroll data,interval,Yes (25 calls/day),"date, value",Monthly,"Employment growth, labor market strength, economic expansion"
Alpha Vantage,Technical Indicators,SMA,/api/alphavantage/sma,Simple Moving Average,"symbol, interval, time_period, series_type",Yes (25 calls/day),"timestamp, SMA",Calculated,"Trend following, support/resistance, crossover strategies"
Alpha Vantage,Technical Indicators,EMA,/api/alphavantage/ema,Exponential Moving Average,"symbol, interval, time_period, series_type",Yes (25 calls/day),"timestamp, EMA",Calculated,"Trend analysis, responsive moving average, momentum"
Alpha Vantage,Technical Indicators,WMA,/api/alphavantage/wma,Weighted Moving Average,"symbol, interval, time_period, series_type",Yes (25 calls/day),"timestamp, WMA",Calculated,"Weighted trend analysis, price smoothing"
Alpha Vantage,Technical Indicators,DEMA,/api/alphavantage/dema,Double Exponential Moving Average,"symbol, interval, time_period, series_type",Yes (25 calls/day),"timestamp, DEMA",Calculated,"Reduced lag, faster trend signals, momentum"
Alpha Vantage,Technical Indicators,TEMA,/api/alphavantage/tema,Triple Exponential Moving Average,"symbol, interval, time_period, series_type",Yes (25 calls/day),"timestamp, TEMA",Calculated,"Minimal lag, ultra-responsive trend, advanced smoothing"
Alpha Vantage,Technical Indicators,TRIMA,/api/alphavantage/trima,Triangular Moving Average,"symbol, interval, time_period, series_type",Yes (25 calls/day),"timestamp, TRIMA",Calculated,"Double-smoothed average, reduced noise, trend identification"
Alpha Vantage,Technical Indicators,KAMA,/api/alphavantage/kama,Kaufman Adaptive Moving Average,"symbol, interval, time_period, series_type",Yes (25 calls/day),"timestamp, KAMA",Calculated,"Adaptive smoothing, volatility-adjusted, noise reduction"
Alpha Vantage,Technical Indicators,MAMA,/api/alphavantage/mama,MESA Adaptive Moving Average,"symbol, interval, series_type, fastlimit, slowlimit",Yes (25 calls/day),"timestamp, MAMA, FAMA",Calculated,"Cycle-based adaptation, advanced trend, market cycles"
Alpha Vantage,Technical Indicators,VWAP,/api/alphavantage/vwap,Volume Weighted Average Price,"symbol, interval",Yes (25 calls/day),"timestamp, VWAP",Calculated,"Institutional benchmark, volume-weighted price, execution analysis"
Alpha Vantage,Technical Indicators,T3,/api/alphavantage/t3,Triple Exponential Moving Average (T3),"symbol, interval, time_period, series_type",Yes (25 calls/day),"timestamp, T3",Calculated,"Smooth trend, low lag, advanced filtering"
Alpha Vantage,Technical Indicators,MACD,/api/alphavantage/macd,Moving Average Convergence Divergence,"symbol, interval, series_type, fastperiod, slowperiod, signalperiod",Yes (25 calls/day),"timestamp, MACD, MACD_Signal, MACD_Hist",Calculated,"Trend momentum, divergence signals, crossover strategies"
Alpha Vantage,Technical Indicators,MACDEXT,/api/alphavantage/macdext,MACD with Controllable MA Type,"symbol, interval, series_type, fastperiod, slowperiod, signalperiod, fastmatype, slowmatype, signalmatype",Yes (25 calls/day),"timestamp, MACD, MACD_Signal, MACD_Hist",Calculated,"Customizable MACD, advanced momentum, flexible parameters"
Alpha Vantage,Technical Indicators,STOCH,/api/alphavantage/stoch,Stochastic Oscillator,"symbol, interval, fastkperiod, slowkperiod, slowdperiod, slowkmatype, slowdmatype",Yes (25 calls/day),"timestamp, SlowK, SlowD",Calculated,"Overbought/oversold, momentum oscillator, reversal signals"
Alpha Vantage,Technical Indicators,STOCHF,/api/alphavantage/stochf,Stochastic Fast,"symbol, interval, fastkperiod, fastdperiod, fastdmatype",Yes (25 calls/day),"timestamp, FastK, FastD",Calculated,"Fast stochastic, quick signals, short-term momentum"
Alpha Vantage,Technical Indicators,RSI,/api/alphavantage/rsi,Relative Strength Index,"symbol, interval, time_period, series_type",Yes (25 calls/day),"timestamp, RSI",Calculated,"Overbought/oversold, momentum strength, divergence analysis"
Alpha Vantage,Technical Indicators,STOCHRSI,/api/alphavantage/stochrsi,Stochastic RSI,"symbol, interval, time_period, series_type, fastkperiod, fastdperiod, fastdmatype",Yes (25 calls/day),"timestamp, FastK, FastD",Calculated,"RSI oscillator, extreme readings, combined indicators"
Alpha Vantage,Technical Indicators,WILLR,/api/alphavantage/willr,Williams %R,"symbol, interval, time_period",Yes (25 calls/day),"timestamp, WILLR",Calculated,"Overbought/oversold, momentum range, reversal indicator"
Alpha Vantage,Technical Indicators,ADX,/api/alphavantage/adx,Average Directional Index,"symbol, interval, time_period",Yes (25 calls/day),"timestamp, ADX",Calculated,"Trend strength, directional movement, filter indicator"
Alpha Vantage,Technical Indicators,ADXR,/api/alphavantage/adxr,Average Directional Movement Rating,"symbol, interval, time_period",Yes (25 calls/day),"timestamp, ADXR",Calculated,"Smoothed ADX, trend strength confirmation, directional rating"
Alpha Vantage,Technical Indicators,APO,/api/alphavantage/apo,Absolute Price Oscillator,"symbol, interval, series_type, fastperiod, slowperiod, matype",Yes (25 calls/day),"timestamp, APO",Calculated,"Price momentum, moving average difference, trend acceleration"
Alpha Vantage,Technical Indicators,PPO,/api/alphavantage/ppo,Percentage Price Oscillator,"symbol, interval, series_type, fastperiod, slowperiod, matype",Yes (25 calls/day),"timestamp, PPO",Calculated,"Percentage momentum, normalized oscillator, cross-asset comparison"
Alpha Vantage,Technical Indicators,MOM,/api/alphavantage/mom,Momentum,"symbol, interval, time_period, series_type",Yes (25 calls/day),"timestamp, MOM",Calculated,"Price momentum, rate of change, trend acceleration"
Alpha Vantage,Technical Indicators,BOP,/api/alphavantage/bop,Balance of Power,"symbol, interval",Yes (25 calls/day),"timestamp, BOP",Calculated,"Buyer/seller strength, market pressure, control indicator"
Alpha Vantage,Technical Indicators,CCI,/api/alphavantage/cci,Commodity Channel Index,"symbol, interval, time_period",Yes (25 calls/day),"timestamp, CCI",Calculated,"Cyclical trends, overbought/oversold, deviation from mean"
Alpha Vantage,Technical Indicators,CMO,/api/alphavantage/cmo,Chande Momentum Oscillator,"symbol, interval, time_period, series_type",Yes (25 calls/day),"timestamp, CMO",Calculated,"Momentum strength, overbought/oversold, divergence signals"
Alpha Vantage,Technical Indicators,ROC,/api/alphavantage/roc,Rate of Change,"symbol, interval, time_period, series_type",Yes (25 calls/day),"timestamp, ROC",Calculated,"Price velocity, percentage change, momentum indicator"
Alpha Vantage,Technical Indicators,ROCR,/api/alphavantage/rocr,Rate of Change Ratio,"symbol, interval, time_period, series_type",Yes (25 calls/day),"timestamp, ROCR",Calculated,"Ratio-based ROC, relative change, normalized momentum"
Alpha Vantage,Technical Indicators,AROON,/api/alphavantage/aroon,Aroon Indicator,"symbol, interval, time_period",Yes (25 calls/day),"timestamp, Aroon Up, Aroon Down",Calculated,"Trend emergence, time-based indicator, new highs/lows"
Alpha Vantage,Technical Indicators,AROONOSC,/api/alphavantage/aroonosc,Aroon Oscillator,"symbol, interval, time_period",Yes (25 calls/day),"timestamp, AROONOSC",Calculated,"Aroon difference, trend strength, directional bias"
Alpha Vantage,Technical Indicators,MFI,/api/alphavantage/mfi,Money Flow Index,"symbol, interval, time_period",Yes (25 calls/day),"timestamp, MFI",Calculated,"Volume-weighted RSI, money flow, buying/selling pressure"
Alpha Vantage,Technical Indicators,TRIX,/api/alphavantage/trix,Triple Exponential Average,"symbol, interval, time_period, series_type",Yes (25 calls/day),"timestamp, TRIX",Calculated,"Rate of change oscillator, filtered momentum, divergence"
Alpha Vantage,Technical Indicators,ULTOSC,/api/alphavantage/ultosc,Ultimate Oscillator,"symbol, interval, timeperiod1, timeperiod2, timeperiod3",Yes (25 calls/day),"timestamp, ULTOSC",Calculated,"Multi-timeframe momentum, weighted oscillator, divergence signals"
Alpha Vantage,Technical Indicators,DX,/api/alphavantage/dx,Directional Movement Index,"symbol, interval, time_period",Yes (25 calls/day),"timestamp, DX",Calculated,"Directional movement, trend strength, ADX component"
Alpha Vantage,Technical Indicators,MINUS_DI,/api/alphavantage/minus-di,Minus Directional Indicator,"symbol, interval, time_period",Yes (25 calls/day),"timestamp, MINUS_DI",Calculated,"Negative directional movement, downtrend strength, ADX component"
Alpha Vantage,Technical Indicators,PLUS_DI,/api/alphavantage/plus-di,Plus Directional Indicator,"symbol, interval, time_period",Yes (25 calls/day),"timestamp, PLUS_DI",Calculated,"Positive directional movement, uptrend strength, ADX component"
Alpha Vantage,Technical Indicators,MINUS_DM,/api/alphavantage/minus-dm,Minus Directional Movement,"symbol, interval, time_period",Yes (25 calls/day),"timestamp, MINUS_DM",Calculated,"Downward price movement, negative momentum, directional analysis"
Alpha Vantage,Technical Indicators,PLUS_DM,/api/alphavantage/plus-dm,Plus Directional Movement,"symbol, interval, time_period",Yes (25 calls/day),"timestamp, PLUS_DM",Calculated,"Upward price movement, positive momentum, directional analysis"
Alpha Vantage,Technical Indicators,BBANDS,/api/alphavantage/bbands,Bollinger Bands,"symbol, interval, time_period, series_type, nbdevup, nbdevdn, matype",Yes (25 calls/day),"timestamp, Real Upper Band, Real Middle Band, Real Lower Band",Calculated,"Volatility bands, breakout signals, mean reversion, price channels"
Alpha Vantage,Technical Indicators,MIDPOINT,/api/alphavantage/midpoint,Midpoint over Period,"symbol, interval, time_period, series_type",Yes (25 calls/day),"timestamp, MIDPOINT",Calculated,"Price midpoint, range average, support/resistance"
Alpha Vantage,Technical Indicators,MIDPRICE,/api/alphavantage/midprice,Midpoint Price over Period,"symbol, interval, time_period",Yes (25 calls/day),"timestamp, MIDPRICE",Calculated,"High-low midpoint, average price, equilibrium level"
Alpha Vantage,Technical Indicators,SAR,/api/alphavantage/sar,Parabolic SAR,"symbol, interval, acceleration, maximum",Yes (25 calls/day),"timestamp, SAR",Calculated,"Stop and reverse, trailing stop, trend following"
Alpha Vantage,Technical Indicators,TRANGE,/api/alphavantage/trange,True Range,"symbol, interval",Yes (25 calls/day),"timestamp, TRANGE",Calculated,"Volatility measure, price range, ATR component"
Alpha Vantage,Technical Indicators,ATR,/api/alphavantage/atr,Average True Range,"symbol, interval, time_period",Yes (25 calls/day),"timestamp, ATR",Calculated,"Volatility indicator, average range, position sizing, stop placement"
Alpha Vantage,Technical Indicators,NATR,/api/alphavantage/natr,Normalized Average True Range,"symbol, interval, time_period",Yes (25 calls/day),"timestamp, NATR",Calculated,"Normalized volatility, percentage ATR, cross-asset comparison"
Alpha Vantage,Technical Indicators,AD,/api/alphavantage/ad,Accumulation/Distribution Line,"symbol, interval",Yes (25 calls/day),"timestamp, Chaikin A/D",Calculated,"Volume flow, accumulation/distribution, money flow line"
Alpha Vantage,Technical Indicators,ADOSC,/api/alphavantage/adosc,Chaikin A/D Oscillator,"symbol, interval, fastperiod, slowperiod",Yes (25 calls/day),"timestamp, ADOSC",Calculated,"A/D momentum, oscillator version, divergence signals"
Alpha Vantage,Technical Indicators,OBV,/api/alphavantage/obv,On Balance Volume,"symbol, interval",Yes (25 calls/day),"timestamp, OBV",Calculated,"Volume momentum, cumulative volume, trend confirmation"
Alpha Vantage,Technical Indicators,HT_TRENDLINE,/api/alphavantage/ht-trendline,Hilbert Transform Instantaneous Trendline,"symbol, interval, series_type",Yes (25 calls/day),"timestamp, HT_TRENDLINE",Calculated,"Cycle-based trendline, Hilbert transform, advanced smoothing"
Alpha Vantage,Technical Indicators,HT_SINE,/api/alphavantage/ht-sine,Hilbert Transform Sine Wave,"symbol, interval, series_type",Yes (25 calls/day),"timestamp, SINE, LEADSINE",Calculated,"Market cycles, sine wave, cycle prediction"
Alpha Vantage,Technical Indicators,HT_TRENDMODE,/api/alphavantage/ht-trendmode,Hilbert Transform Trend vs Cycle Mode,"symbol, interval, series_type",Yes (25 calls/day),"timestamp, HT_TRENDMODE",Calculated,"Trend/cycle detection, market regime, phase identification"
Alpha Vantage,Technical Indicators,HT_DCPERIOD,/api/alphavantage/ht-dcperiod,Hilbert Transform Dominant Cycle Period,"symbol, interval, series_type",Yes (25 calls/day),"timestamp, HT_DCPERIOD",Calculated,"Cycle length, period detection, adaptive parameters"
Alpha Vantage,Technical Indicators,HT_DCPHASE,/api/alphavantage/ht-dcphase,Hilbert Transform Dominant Cycle Phase,"symbol, interval, series_type",Yes (25 calls/day),"timestamp, HT_DCPHASE",Calculated,"Cycle phase, market timing, wave position"
Alpha Vantage,Technical Indicators,HT_PHASOR,/api/alphavantage/ht-phasor,Hilbert Transform Phasor Components,"symbol, interval, series_type",Yes (25 calls/day),"timestamp, PHASE, QUADRATURE",Calculated,"Phasor analysis, in-phase/quadrature, cycle components"
FMP,Market Data,Stock Quote,/api/fmp/quote,Real-time stock quotes (stable API - free tier),symbol,Limited (250 calls/day - 87 symbols),"price, changesPercentage, change, dayLow, dayHigh, yearHigh, yearLow, marketCap, priceAvg50, priceAvg200, exchange, volume, avgVolume, open, previousClose, eps, pe, earningsAnnouncement, sharesOutstanding, timestamp",Real-time,"Price monitoring, portfolio tracking, free tier quotes"
FMP,Company Data,Company Profile,/api/fmp/profile,Comprehensive company information,symbol,Premium Required,"symbol, price, beta, volAvg, mktCap, lastDiv, range, changes, companyName, currency, cik, isin, cusip, exchange, exchangeShortName, industry, website, description, ceo, sector, country, fullTimeEmployees, phone, address, city, state, zip, dcfDiff, dcf, image, ipoDate, defaultImage, isEtf, isActivelyTrading, isAdr, isFund",Static/Updated,"Deep company research, industry analysis, management info"
FMP,Fundamentals,Income Statement,/api/fmp/income-statement,Detailed income statements,"symbol, period, limit",Premium Required,"date, symbol, reportedCurrency, cik, fillingDate, acceptedDate, calendarYear, period, revenue, costOfRevenue, grossProfit, grossProfitRatio, researchAndDevelopmentExpenses, generalAndAdministrativeExpenses, sellingAndMarketingExpenses, sellingGeneralAndAdministrativeExpenses, otherExpenses, operatingExpenses, costAndExpenses, interestIncome, interestExpense, depreciationAndAmortization, ebitda, ebitdaratio, operatingIncome, operatingIncomeRatio, totalOtherIncomeExpensesNet, incomeBeforeTax, incomeBeforeTaxRatio, incomeTaxExpense, netIncome, netIncomeRatio, eps, epsdiluted, weightedAverageShsOut, weightedAverageShsOutDil",Quarterly/Annual,"Profitability deep dive, margin analysis, expense trends"
FMP,Fundamentals,Balance Sheet,/api/fmp/balance-sheet,Detailed balance sheets,"symbol, period, limit",Premium Required,"date, symbol, reportedCurrency, cik, fillingDate, acceptedDate, calendarYear, period, cashAndCashEquivalents, shortTermInvestments, cashAndShortTermInvestments, netReceivables, inventory, otherCurrentAssets, totalCurrentAssets, propertyPlantEquipmentNet, goodwill, intangibleAssets, goodwillAndIntangibleAssets, longTermInvestments, taxAssets, otherNonCurrentAssets, totalNonCurrentAssets, otherAssets, totalAssets, accountPayables, shortTermDebt, taxPayables, deferredRevenue, otherCurrentLiabilities, totalCurrentLiabilities, longTermDebt, deferredRevenueNonCurrent, deferredTaxLiabilitiesNonCurrent, otherNonCurrentLiabilities, totalNonCurrentLiabilities, otherLiabilities, capitalLeaseObligations, totalLiabilities, preferredStock, commonStock, retainedEarnings, accumulatedOtherComprehensiveIncomeLoss, othertotalStockholdersEquity, totalStockholdersEquity, totalEquity, totalLiabilitiesAndStockholdersEquity, minorityInterest, totalLiabilitiesAndTotalEquity, totalInvestments, totalDebt, netDebt",Quarterly/Annual,"Financial position, debt analysis, working capital, asset quality"
FMP,Fundamentals,Cash Flow,/api/fmp/cash-flow,Detailed cash flow statements,"symbol, period, limit",Premium Required,"date, symbol, reportedCurrency, cik, fillingDate, acceptedDate, calendarYear, period, netIncome, depreciationAndAmortization, deferredIncomeTax, stockBasedCompensation, changeInWorkingCapital, accountsReceivables, inventory, accountsPayables, otherWorkingCapital, otherNonCashItems, netCashProvidedByOperatingActivities, investmentsInPropertyPlantAndEquipment, acquisitionsNet, purchasesOfInvestments, salesMaturitiesOfInvestments, otherInvestingActivites, netCashUsedForInvestingActivites, debtRepayment, commonStockIssued, commonStockRepurchased, dividendsPaid, otherFinancingActivites, netCashUsedProvidedByFinancingActivities, effectOfForexChangesOnCash, netChangeInCash, cashAtEndOfPeriod, cashAtBeginningOfPeriod, operatingCashFlow, capitalExpenditure, freeCashFlow",Quarterly/Annual,"Cash generation, capex efficiency, FCF yield, dividend coverage"
FMP,Fundamentals,Financial Ratios,/api/fmp/ratios,Comprehensive financial ratios,"symbol, period, limit",Premium Required,"dividendYielTTM, dividendYielPercentageTTM, peRatioTTM, pegRatioTTM, payoutRatioTTM, currentRatioTTM, quickRatioTTM, cashRatioTTM, daysOfSalesOutstandingTTM, daysOfInventoryOutstandingTTM, operatingCycleTTM, daysOfPayablesOutstandingTTM, cashConversionCycleTTM, grossProfitMarginTTM, operatingProfitMarginTTM, pretaxProfitMarginTTM, netProfitMarginTTM, effectiveTaxRateTTM, returnOnAssetsTTM, returnOnEquityTTM, returnOnCapitalEmployedTTM, netIncomePerEBTTTM, ebtPerEbitTTM, ebitPerRevenueTTM, debtRatioTTM, debtEquityRatioTTM, longTermDebtToCapitalizationTTM, totalDebtToCapitalizationTTM, interestCoverageTTM, cashFlowToDebtRatioTTM, companyEquityMultiplierTTM, receivablesTurnoverTTM, payablesTurnoverTTM, inventoryTurnoverTTM, fixedAssetTurnoverTTM, assetTurnoverTTM, operatingCashFlowPerShareTTM, freeCashFlowPerShareTTM, cashPerShareTTM, operatingCashFlowSalesRatioTTM, freeCashFlowOperatingCashFlowRatioTTM, cashFlowCoverageRatiosTTM, shortTermCoverageRatiosTTM, capitalExpenditureCoverageRatioTTM, dividendPaidAndCapexCoverageRatioTTM, priceBookValueRatioTTM, priceToBookRatioTTM, priceToSalesRatioTTM, priceEarningsRatioTTM, priceToFreeCashFlowsRatioTTM, priceToOperatingCashFlowsRatioTTM, priceCashFlowRatioTTM, priceEarningsToGrowthRatioTTM, priceSalesRatioTTM, dividendYieldTTM, enterpriseValueMultipleTTM, priceFairValueTTM",TTM/Quarterly/Annual,"Ratio analysis, peer comparison, screening, valuation multiples"
FMP,Fundamentals,Key Metrics,/api/fmp/key-metrics,Key performance metrics and multiples,"symbol, period, limit",Premium Required,"revenuePerShareTTM, netIncomePerShareTTM, operatingCashFlowPerShareTTM, freeCashFlowPerShareTTM, cashPerShareTTM, bookValuePerShareTTM, tangibleBookValuePerShareTTM, shareholdersEquityPerShareTTM, interestDebtPerShareTTM, marketCapTTM, enterpriseValueTTM, peRatioTTM, priceToSalesRatioTTM, pocfratioTTM, pfcfRatioTTM, pbRatioTTM, ptbRatioTTM, evToSalesTTM, enterpriseValueOverEBITDATTM, evToOperatingCashFlowTTM, evToFreeCashFlowTTM, earningsYieldTTM, freeCashFlowYieldTTM, debtToEquityTTM, debtToAssetsTTM, netDebtToEBITDATTM, currentRatioTTM, interestCoverageTTM, incomeQualityTTM, dividendYieldTTM, payoutRatioTTM, salesGeneralAndAdministrativeToRevenueTTM, researchAndDdevelopementToRevenueTTM, intangiblesToTotalAssetsTTM, capexToOperatingCashFlowTTM, capexToRevenueTTM, capexToDepreciationTTM, stockBasedCompensationToRevenueTTM, grahamNumberTTM, roicTTM, returnOnTangibleAssetsTTM, grahamNetNetTTM, workingCapitalTTM, tangibleAssetValueTTM, netCurrentAssetValueTTM, investedCapitalTTM, averageReceivablesTTM, averagePayablesTTM, averageInventoryTTM, daysSalesOutstandingTTM, daysPayablesOutstandingTTM, daysOfInventoryOnHandTTM, receivablesTurnoverTTM, payablesTurnoverTTM, inventoryTurnoverTTM, roeTTM, capexPerShareTTM",TTM/Quarterly/Annual,"KPI tracking, valuation screening, performance monitoring"
FMP,Historical Data,Historical Prices,/api/fmp/historical-price,Historical daily prices with dividends/splits,"symbol, from, to",Premium Required,"date, open, high, low, close, adjClose, volume, unadjustedVolume, change, changePercent, vwap, label, changeOverTime",Daily,"Backtesting, technical analysis, return calculations"
FMP,News,Company News,/api/fmp/news,Recent news articles,"symbol, limit",Premium Required,"symbol, publishedDate, title, image, site, text, url",Real-time,"News monitoring, event detection, sentiment input"
FMP,Analyst Data,Analyst Estimates,/api/fmp/analyst-estimates,Consensus analyst estimates,"symbol, period, limit",Premium Required,"symbol, date, estimatedRevenueLow, estimatedRevenueHigh, estimatedRevenueAvg, estimatedEbitdaLow, estimatedEbitdaHigh, estimatedEbitdaAvg, estimatedEbitLow, estimatedEbitHigh, estimatedEbitAvg, estimatedNetIncomeLow, estimatedNetIncomeHigh, estimatedNetIncomeAvg, estimatedSgaExpenseLow, estimatedSgaExpenseHigh, estimatedSgaExpenseAvg, estimatedEpsAvg, estimatedEpsHigh, estimatedEpsLow, numberAnalystEstimatedRevenue, numberAnalystsEstimatedEps",Quarterly/Annual,"Consensus tracking, estimate revisions, beat/miss predictions"
FMP,Analyst Data,Price Targets,/api/fmp/price-target,Analyst price targets and recommendations,symbol,Premium Required,"symbol, publishedDate, newsURL, newsTitle, analystName, priceTarget, adjPriceTarget, priceWhenPosted, newsPublisher, newsBaseURL, analystCompany",Real-time,"Analyst sentiment, target price changes, upgrade/downgrade"
FMP,Analyst Data,Upgrades/Downgrades,/api/fmp/upgrades-downgrades,Analyst rating changes,symbol,Premium Required,"symbol, publishedDate, newsURL, newsTitle, newGrade, previousGrade, gradingCompany, action",Real-time,"Rating momentum, analyst activity, market reaction"
FMP,Analyst Data,Earning Surprises,/api/fmp/earning-surprises,Historical earnings surprises,symbol,Premium Required,"date, symbol, actualEarningResult, estimatedEarning",Quarterly,"Surprise analysis, estimate accuracy, earnings momentum"
FMP,Corporate Events,Earnings Calendar,/api/fmp/earnings-calendar,Comprehensive earnings calendar,"from, to",Premium Required,"date, symbol, eps, epsEstimated, time, revenue, revenueEstimated, fiscalDateEnding, updatedFromDate",Daily,"Earnings planning, event calendar, portfolio monitoring"
FMP,Corporate Events,IPO Calendar,/api/fmp/ipo-calendar,IPO schedule and pricing,"from, to",Premium Required,"date, company, symbol, exchange, actions, shares, priceRange, marketCap",Daily/Weekly,"IPO investing, new listing tracking, primary market"
FMP,Corporate Events,Dividend Calendar,/api/fmp/dividend-calendar,Dividend payment schedule,"from, to",Premium Required,"date, label, adjDividend, symbol, dividend, recordDate, paymentDate, declarationDate",Daily,"Dividend capture, income investing, ex-dividend dates"
FMP,Corporate Events,Stock Split Calendar,/api/fmp/stock-split-calendar,Stock split announcements,"from, to",Premium Required,"date, label, symbol, numerator, denominator",As Announced,"Corporate actions, share structure changes, price adjustments"
FMP,Economic Data,Economic Calendar,/api/fmp/economic-calendar,Macro economic event calendar,"from, to",Premium Required,"event, date, country, actual, previous, change, changePercentage, estimate, impact",Daily,"Macro analysis, event-driven trading, economic indicators"
FMP,Insider Trading,Insider Trading,/api/fmp/insider-trading,Insider buy/sell transactions,"symbol, limit",Premium Required,"symbol, filingDate, transactionDate, reportingName, transactionType, securitiesOwned, securitiesTransacted, price, securityName, acquistionOrDisposition, formType, link",Real-time,"Insider sentiment, management confidence, early warning"
FMP,Government Trading,Senate Trading,/api/fmp/senate-trading,Congressional trading disclosure,symbol,Premium Required,"firstName, lastName, office, disclosureDate, transactionDate, owner, assetDescription, assetName, type, amount, comment, symbol",Real-time,"Political trading, conflict of interest, alternative signal"
FMP,Ownership,Institutional Holders,/api/fmp/institutional-holder,Institutional ownership data,symbol,Premium Required,"holder, shares, dateReported, change, link",Quarterly,"Smart money tracking, ownership concentration, holder changes"
FMP,Ownership,ETF Holders,/api/fmp/etf-holder,ETF holdings of a stock,symbol,Premium Required,"asset, name, symbol, etfSymbol, etfName, sharesNumber, weightPercentage, marketValue, updatedDate",Quarterly,"ETF exposure, passive ownership, index inclusion"
FMP,SEC Filings,SEC Filings,/api/fmp/sec-filings,"Access to SEC filings by type","symbol, type, limit",Premium Required,"symbol, cik, title, acceptanceDateTime, filingDate, reportDate, form, fileNumber, link, finalLink",Real-time,"Regulatory research, filing analysis, document retrieval"
FMP,Market Performance,Top Gainers,/api/fmp/gainers,Daily top gaining stocks,N/A,Premium Required,"symbol, name, change, price, changesPercentage",Daily,"Market movers, momentum screening, daily leaders"
FMP,Market Performance,Top Losers,/api/fmp/losers,Daily worst performing stocks,N/A,Premium Required,"symbol, name, change, price, changesPercentage",Daily,"Market laggards, contrarian opportunities, risk monitoring"
FMP,Market Performance,Most Active,/api/fmp/most-active,Highest volume stocks,N/A,Premium Required,"symbol, name, change, price, changesPercentage",Daily,"Volume leaders, liquidity screening, unusual activity"
FMP,Market Performance,Sector Performance,/api/fmp/sector-performance,Real-time sector performance,N/A,Premium Required,"sector, changesPercentage",Real-time,"Sector rotation, relative strength, market breadth"
FMP,Valuation,DCF Valuation,/api/fmp/dcf,Discounted cash flow valuation,symbol,Premium Required,"symbol, date, dcf, Stock Price",Daily,"Intrinsic value, fair value estimation, valuation model"
FMP,Market Data,Market Capitalization,/api/fmp/market-cap,Current market capitalization,symbol,Premium Required,"symbol, marketCap, date",Real-time,"Size classification, market cap screening, index eligibility"
Reddit,Social Sentiment,Trending Tickers,/api/reddit/trending-tickers,Extract trending stock tickers from WallStreetBets,"clientId, clientSecret, limit, timeFilter",Yes (100 req/min with OAuth),"ticker, mentions, totalPosts, subreddit, timeFilter",Real-time,"Retail sentiment tracking, meme stock detection, social momentum"
Reddit,Social Sentiment,Subreddit Posts,/api/reddit/subreddit-posts,Get posts from specific finance subreddits,"subreddit, clientId, clientSecret, limit, sort, timeFilter",Yes (100 req/min with OAuth),"id, title, author, score, upvoteRatio, numComments, created, url, selftext, flair, permalink",Real-time,"Community sentiment, trend detection, discussion analysis"
Reddit,Social Sentiment,Ticker Sentiment,/api/reddit/ticker-sentiment,Analyze sentiment for a ticker across finance subreddits,"ticker, clientId, clientSecret, limit",Yes (100 req/min with OAuth),"ticker, totalPosts, avgScore, avgUpvoteRatio, totalComments, posts, sentiment",Real-time,"Stock-specific sentiment, retail investor mood, contrarian signals"
Reddit,Social Sentiment,Due Diligence Posts,/api/reddit/dd-posts,Get DD-tagged posts from WallStreetBets,"subreddit, clientId, clientSecret, limit, timeFilter",Yes (100 req/min with OAuth),"id, title, author, score, upvoteRatio, numComments, created, url, selftext, flair, permalink",Real-time,"Research discovery, thesis tracking, community analysis"
Reddit,Social Sentiment,Comment Analysis,/api/reddit/comment-analysis,Analyze comments on a specific Reddit post,"subreddit, postId, clientId, clientSecret, limit",Yes (100 req/min with OAuth),"subreddit, postId, totalComments, avgCommentScore, topComments (id, author, body, score, created)",Real-time,"Discussion depth analysis, sentiment validation, engagement tracking"
Twitter,Social Sentiment,Search Cashtags,/api/twitter/search-cashtags,Search tweets mentioning stock cashtags,"cashtag, bearerToken, maxResults, startTime, endTime",Limited (15 req/15min Free),"id, text, created_at, author (username, verified, followers), metrics (likes, retweets, replies, quotes), totalEngagement",Real-time,"Twitter sentiment, cashtag tracking, social buzz monitoring"
Twitter,Social Sentiment,Ticker Sentiment,/api/twitter/ticker-sentiment,Get sentiment analysis for a specific ticker,"ticker, bearerToken, maxResults",Limited (15 req/15min Free),"ticker, totalTweets, avgEngagement, sentiment (score, label, positiveCount, negativeCount), recentTweets",Real-time,"Stock sentiment analysis, bullish/bearish tracking, keyword analysis"
Twitter,Social Sentiment,Influencer Tweets,/api/twitter/influencer-tweets,Track tweets from specific financial influencer accounts,"username, bearerToken, maxResults",Limited (15 req/15min Free),"user (username, verified, description, followers, tweets_count), tweets (id, text, created_at, metrics)",Real-time,"Influencer tracking, expert sentiment, whale watching"
Twitter,Social Sentiment,Trending Finance,/api/twitter/trending-finance,Get trending financial topics and cashtags,"bearerToken, maxResults",Limited (15 req/15min Free),"totalTweets, topCashtags (tag, count), topHashtags (tag, count)",Real-time,"Market trends, social momentum, topic discovery"
Twitter,Social Sentiment,Tweet Volume,/api/twitter/tweet-volume,Get tweet volume metrics for a ticker over time,"ticker, bearerToken, startTime, endTime",Limited (15 req/15min Free),"ticker, totalVolume, avgVolumePerHour, volumeTrend, dataPoints, hourlyVolume (timestamp, tweet_count)",Hourly,"Volume spikes, buzz tracking, momentum indicators"
YouTube,Video Content,Search Finance Videos,/api/youtube/search-finance-videos,Search for finance-related videos on YouTube,"query, apiKey, maxResults, order, publishedAfter",Yes (10000 units/day),"videoId, title, description, channelTitle, channelId, publishedAt, thumbnailUrl",Real-time,"Content discovery, earnings call videos, financial education"
YouTube,Video Content,Video Transcript,/api/youtube/video-transcript,Get video details and caption availability,"videoId, apiKey",Yes (10000 units/day),"videoId, title, description, channelTitle, publishedAt, duration, viewCount, likeCount, commentCount, captionsAvailable, availableLanguages",Static,"Transcript access, content analysis, earnings call text extraction"
YouTube,Video Content,Channel Latest,/api/youtube/channel-latest,Get latest videos from finance channels,"channelId, apiKey, maxResults",Yes (10000 units/day),"channel (id, title, description, subscriberCount, videoCount, viewCount), videos (videoId, title, description, publishedAt, thumbnailUrl)",Real-time,"Channel monitoring, content tracking, influencer updates"
YouTube,Video Content,Earnings Calls,/api/youtube/earnings-calls,Search for earnings call videos for specific tickers,"ticker, apiKey, maxResults, publishedAfter",Yes (10000 units/day),"ticker, count, totalResults, videos (videoId, title, description, channelTitle, channelId, publishedAt, thumbnailUrl)",Real-time,"Earnings call access, management commentary, investor relations"
YouTube,Video Content,Video Stats,/api/youtube/video-stats,Get detailed statistics and engagement metrics for videos,"videoId, apiKey",Yes (10000 units/day),"videoId, title, channelTitle, publishedAt, duration, statistics (viewCount, likeCount, commentCount, favoriteCount, engagementRate), tags, categoryId",Static,"Engagement analysis, video performance, content metrics"
YouTube,Video Content,Popular Finance Videos,/api/youtube/popular-finance-videos,Get popular videos from multiple finance channels,"channelIds, apiKey, maxResults, daysAgo",Yes (10000 units/day),"channelsQueried, totalVideos, daysAgo, videos (videoId, title, channelTitle, channelId, publishedAt, thumbnailUrl, statistics)",Daily,"Trending content, viral videos, popular finance media"
YouTube,Video Content,Video Comments,/api/youtube/video-comments,Get comments from finance videos,"videoId, apiKey, maxResults, order",Yes (10000 units/day),"videoId, count, comments (commentId, author, text, likeCount, publishedAt, updatedAt)",Real-time,"Comment sentiment, viewer opinions, community reaction"
Hacker News,Tech Trends,Top Stories,/api/hn-github/hn-top-stories,Get top stories from Hacker News,"limit, includeDetails",Yes (Unlimited),"id, title, url, score, by, time, descendants (comment count), type",Real-time,"Tech trends, developer sentiment, startup news, tech company mentions"
Hacker News,Tech Trends,Search HN,/api/hn-github/hn-search,Search Hacker News for company or tech mentions,"query, tags, numericFilters, hitsPerPage",Yes (Unlimited),"objectID, title, url, author, points, numComments, createdAt, storyText, commentText",Real-time,"Company mentions, product launches, tech sentiment, developer opinions"
Hacker News,Tech Trends,Tech Trends,/api/hn-github/hn-tech-trends,Identify trending technologies on Hacker News,"keywords, daysAgo, hitsPerPage",Yes (Unlimited),"keyword, mentions, totalPoints, avgPoints, totalComments, topStories (title, points, url)",Daily/Weekly,"Technology adoption trends, developer interest, emerging tech tracking"
Hacker News,Tech Trends,Story Comments,/api/hn-github/hn-story-comments,Get comments for a Hacker News story,"storyId, maxDepth",Yes (Unlimited),"story (id, title, url, score, by), commentCount, comments (id, by, text, time, depth)",Real-time,"Developer opinions, technical discussions, sentiment analysis"
GitHub,Developer Activity,Repo Stats,/api/hn-github/gh-repo-stats,Get repository statistics for tech companies,"owner, repo, token",Yes (60/hr unauth, 5000/hr auth),"fullName, description, url, stars, forks, openIssues, watchers, language, createdAt, updatedAt, pushedAt, size, defaultBranch, hasWiki, hasPages, topics",Real-time,"Open source health, developer adoption, project momentum, tech stack"
GitHub,Developer Activity,Trending Repos,/api/hn-github/gh-trending-repos,Get trending repositories on GitHub,"language, since, token",Yes (60/hr unauth, 5000/hr auth),"since, language, count, totalCount, repositories (fullName, description, url, stars, forks, language, createdAt, topics)",Daily/Weekly/Monthly,"Emerging technologies, developer interest, new tools, framework adoption"
GitHub,Developer Activity,Company Activity,/api/hn-github/gh-company-activity,Track GitHub activity for tech companies,"organization, token, perPage",Yes (60/hr unauth, 5000/hr auth),"organization (login, name, description, url, publicRepos, followers, following, createdAt, updatedAt), totalStars, recentRepositories",Real-time,"Company health, development velocity, open source strategy, innovation tracking"
GitHub,Developer Activity,Repo Commits,/api/hn-github/gh-repo-commits,Get repository commit activity,"owner, repo, token, since, perPage",Yes (60/hr unauth, 5000/hr auth),"repository, count, commits (sha, message, author, committer, url)",Real-time,"Development velocity, code activity, project health, contributor engagement"
GitHub,Developer Activity,Repo Contributors,/api/hn-github/gh-repo-contributors,Get repository contributors and contributions,"owner, repo, token, perPage",Yes (60/hr unauth, 5000/hr auth),"repository, count, totalContributions, contributors (login, id, avatarUrl, url, contributions, type)",Static/Updated,"Contributor analysis, community health, core developer tracking, project ownership"
GitHub,Developer Activity,Search By Topic,/api/hn-github/gh-search-by-topic,Search GitHub repositories by topic/tag,"topic, token, sort, perPage",Yes (60/hr unauth, 5000/hr auth),"topic, count, totalCount, repositories (fullName, description, url, stars, forks, language, updatedAt, topics)",Real-time,"Topic discovery, technology trends, framework comparison, tool selection"
Global Markets,Asian Markets,Asian Markets Overview,/api/globalmarkets/asian-markets,Real-time data from major Asian stock indices,N/A,Yes (Unlimited via Yahoo Finance),"region, markets (korea/taiwan/japan/hongkong/china/singapore/india: name, exchange, price, change, changePercent, open, high, low, volume, lastUpdate)",Real-time,"Early market signals, Asian session trading, semiconductor supply chain indicators, pre-US market trends"
Global Markets,European Markets,European Markets Overview,/api/globalmarkets/european-markets,Real-time data from major European stock indices,N/A,Yes (Unlimited via Yahoo Finance),"region, markets (uk/germany/france/italy/spain: name, exchange, price, change, changePercent, open, high, low, volume)",Real-time,"European session trading, mid-day market correlations, forex indicators, EU economic health"
Global Markets,Supply Chain,Semiconductor Leaders,/api/globalmarkets/semiconductor-leaders,Taiwan and Korea semiconductor stocks (early US chip indicators),N/A,Yes (Unlimited via Yahoo Finance),"sector, region, count, totalMarketCap, avgChangePercent, stocks (symbol, name, country, exchange, price, change, changePercent, volume, marketCap, pe), insight",Real-time,"Semiconductor supply chain signals, TSMC/Samsung early indicators for NVDA/AMD, Asian tech sector health"
Global Markets,Market Hours,Market Sessions Status,/api/globalmarkets/market-sessions,Global market trading hours and session status,N/A,Yes (Unlimited),"currentTimeUTC, activeSessions, sessions (sydney/tokyo/hongkong/singapore/india/frankfurt/london/newyork: name, status, open, close), insight",Real-time,"24-hour market monitoring, session transitions, optimal trading windows, global liquidity tracking"
Global Markets,International,International Quote,/api/globalmarkets/international-quote,Get quotes for international stocks with exchange suffixes,symbols,Yes (Unlimited via Yahoo Finance),"count, quotes (symbol, name, price, change, changePercent, volume, marketCap, currency, exchange)",Real-time,"Custom international stock tracking, cross-border investments, ADR vs local stock comparison"
Global Markets,Forex,Currency Pairs,/api/globalmarkets/currency-pairs,Major currency pairs for international trading,pairs,Yes (Unlimited via Yahoo Finance),"count, rates (pair, rate, change, changePercent, lastUpdate)",Real-time,"Forex trading, currency risk management, international portfolio hedging, cross-border valuation"
Global Markets,Cross-Market,Cross-Market Correlation,/api/globalmarkets/cross-market-correlation,Regional performance comparison and correlations,N/A,Yes (Unlimited via Yahoo Finance),"correlationData (asia/europe/us: countries with name and changePercent), regionalAverages (asia/europe/us), insight",Real-time,"Global risk-on/risk-off signals, regional rotation, contagion detection, diversification opportunities"
Global Markets,Emerging Markets,Emerging Markets,/api/globalmarkets/emerging-markets,Emerging market indices (India Brazil Russia South Africa Mexico Turkey),N/A,Yes (Unlimited via Yahoo Finance),"category, markets (india/brazil/russia/southafrica/mexico/turkey: name, price, change, changePercent, volume)",Real-time,"Emerging market trends, frontier opportunities, commodity correlation, geopolitical risk monitoring"
Global Markets,International ETFs,International ETFs,/api/globalmarkets/international-etfs,Regional ETFs for international exposure,N/A,Yes (Unlimited via Yahoo Finance),"category, count, etfs (symbol, name, region, price, change, changePercent, volume, fiftyTwoWeekHigh, fiftyTwoWeekLow)",Real-time,"International diversification, regional exposure, ETF performance comparison, country/sector rotation"
